0.588079,2,1
3.00691,2,2
3.68076,2,3
0.994124,2,4
2.51755,4,5
3.88716,2,6
0.78779,4,7
2.10851,4,8
4.51164,6,9
4.26265,8,10
3.74055,2,11
1.60551,8,12
0.0132857,6,13
4.40562,10,14
4.8546,8,15
0.240149,6,16
1.40858,12,17
4.33557,12,18
0.966514,12,19
1.2699,12,20
3.17863,12,21
2.56196,16,22
3.64984,14,23
2.44768,16,24
1.15125,12,25
4.48673,16,26
0.110069,20,27
2.7814,18,28
3.45406,16,29
0.0912138,20,30
2.29546,16,31
2.81309,18,32
2.70609,18,33
0.399422,26,34
4.87412,20,35
0.632408,20,36
3.5132,20,37
3.57125,30,38
4.57086,26,39
2.31126,22,40
4.68443,28,41
4.85263,26,42
3.63473,28,43
0.55622,32,44
2.58343,28,45
1.86663,26,46
4.43172,34,47
0.717885,32,48
4.44969,32,49
3.79366,30,50
4.09098,36,51
0.351919,34,52
2.42179,36,53
3.40237,36,54
4.84977,30,55
2.16921,40,56
4.47075,38,57
1.87931,38,58
2.85083,38,59
4.66634,38,60
4.17156,42,61
4.5449,36,62
2.06217,36,63
3.07464,38,64
4.00062,42,65
2.37574,42,66
2.15492,42,67
1.07562,48,68
2.4341,46,69
4.66876,44,70
1.29211,46,71
3.22678,44,72
3.15705,46,73
3.18355,48,74
0.192089,56,75
4.73756,56,76
2.33292,50,77
0.505016,56,78
1.26324,60,79
1.44698,54,80
0.957928,56,81
0.0601877,56,82
2.95716,54,83
1.42048,56,84
4.84725,62,85
4.91863,54,86
3.13171,50,87
1.28758,66,88
4.78615,52,89
1.09403,66,90
2.60825,62,91
3.0003,64,92
3.24224,66,93
0.455038,62,94
3.26934,64,95
3.79174,58,96
4.20691,64,97
0.429132,64,98
0.243877,68,99
4.224,62,100
1.33782,66,101
4.46381,70,102
1.99826,76,103
3.90339,60,104
3.75754,72,105
1.6495,72,106
0.209386,72,107
2.89639,74,108
2.32601,74,109
0.164491,68,110
0.632159,76,111
0.803389,82,112
1.32913,72,113
3.31344,76,114
0.158511,74,115
0.506791,74,116
0.0712473,76,117
3.0269,76,118
0.0775329,84,119
1.59246,80,120
3.95241,78,121
1.8216,88,122
0.459962,84,123
4.65982,90,124
4.85982,84,125
0.379628,84,126
2.23495,72,127
4.36008,86,128
4.55927,88,129
2.50823,88,130
2.95985,82,131
1.08069,84,132
1.98861,82,133
4.34782,80,134
4.80932,94,135
3.71027,92,136
1.58266,90,137
2.27842,94,138
2.57681,90,139
1.57521,92,140
4.78482,88,141
1.81722,96,142
3.45816,100,143
0.0860516,94,144
2.9274,86,145
0.589441,96,146
2.26721,98,147
2.69124,106,148
2.69919,100,149
4.58798,96,150
4.79631,98,151
1.61038,104,152
1.75093,98,153
1.50828,104,154
3.76784,100,155
3.19225,96,156
0.850739,110,157
2.03682,98,158
1.75015,106,159
0.347137,100,160
3.29568,104,161
0.93712,106,162
2.70015,112,163
2.91322,114,164
4.89375,102,165
1.40641,102,166
2.05653,116,167
0.943429,112,168
3.55852,106,169
4.35889,106,170
1.55846,110,171
2.42502,108,172
4.32433,108,173
2.70151,110,174
4.60245,106,175
3.69971,116,176
0.166121,118,177
1.54357,112,178
1.55882,114,179
0.578852,116,180
4.09833,130,181
3.08528,124,182
1.84939,114,183
4.9876,120,184
3.12936,116,185
3.92826,132,186
4.12059,122,187
2.31932,122,188
1.45704,132,189
2.96753,126,190
0.724392,124,191
2.26486,138,192
1.12983,128,193
3.81807,132,194
2.16887,124,195
3.52456,124,196
2.35234,134,197
3.51671,140,198
4.71587,130,199
2.39344,128,200
4.12535,138,201
0.728832,144,202
4.27766,132,203
2.20009,142,204
2.35811,134,205
1.94024,130,206
0.648305,132,207
1.37917,134,208
0.812706,138,209
2.86433,136,210
1.70464,142,211
1.32191,144,212
2.65892,144,213
4.58509,144,214
3.76378,146,215
2.366,132,216
0.0205183,144,217
1.51817,152,218
0.972569,140,219
4.76549,152,220
0.501102,144,221
0.0303581,154,222
1.57876,154,223
2.80875,142,224
3.99516,144,225
2.99308,160,226
0.997056,150,227
1.39629,144,228
4.4253,156,229
2.39673,148,230
0.0223894,150,231
1.71561,158,232
1.89163,154,233
0.648219,160,234
4.14527,148,235
0.836637,150,236
4.80071,150,237
3.35758,154,238
0.644596,152,239
1.98795,164,240
3.20082,166,241
3.05932,160,242
1.41036,158,243
0.307912,162,244
0.39349,170,245
2.64734,160,246
2.69785,148,247
0.399406,174,248
2.64863,160,249
0.404445,176,250
2.42172,168,251
0.343308,168,252
3.75582,162,253
2.7768,170,254
0.881155,166,255
0.529622,168,256
3.08821,168,257
1.71643,172,258
0.116916,176,259
0.148691,180,260
4.84651,172,261
1.77164,168,262
4.67529,174,263
1.48559,176,264
2.23261,174,265
1.65048,176,266
4.24308,174,267
4.2771,176,268
0.313079,174,269
1.4127,184,270
3.92372,176,271
1.67867,178,272
1.67373,188,273
3.52687,178,274
0.508179,178,275
2.40518,186,276
1.23477,186,277
1.00005,178,278
1.57745,184,279
1.62366,190,280
4.26119,186,281
2.38871,188,282
1.76175,188,283
0.0897547,176,284
2.1056,184,285
2.977,192,286
2.88216,188,287
2.72066,194,288
3.46359,180,289
0.264993,192,290
1.81331,188,291
4.65584,196,292
2.99376,182,293
2.91598,188,294
0.450079,192,295
2.13531,200,296
1.08006,200,297
1.79733,188,298
0.415304,198,299
1.44207,194,300
4.99904,198,301
1.77289,208,302
4.84227,206,303
0.908679,208,304
0.588667,210,305
0.717645,212,306
0.207181,206,307
4.94553,206,308
4.68367,204,309
2.15297,206,310
1.43422,198,311
3.92421,216,312
0.141091,210,313
2.71046,192,314
3.18063,202,315
1.91565,204,316
0.699199,206,317
1.80954,224,318
2.02286,208,319
4.03299,204,320
3.00337,214,321
1.53743,214,322
0.301475,208,323
3.15567,226,324
2.18429,202,325
2.70186,196,326
1.96706,214,327
2.95845,224,328
1.1289,206,329
0.567341,212,330
1.13805,210,331
1.33787,218,332
4.09393,210,333
2.81672,214,334
3.7423,228,335
3.995,222,336
3.6752,222,337
4.7934,214,338
0.0508913,220,339
0.265416,226,340
4.03293,238,341
3.14334,220,342
3.95897,230,343
4.9805,222,344
1.04162,244,345
0.469793,224,346
4.25324,236,347
4.11123,224,348
3.07375,224,349
3.30646,218,350
4.56991,250,351
1.50736,238,352
2.77906,230,353
2.44406,250,354
1.36716,246,355
2.20145,238,356
0.070614,222,357
0.0603999,252,358
1.04019,236,359
1.63969,230,360
3.07196,252,361
2.88124,242,362
2.80868,248,363
3.04172,236,364
3.52146,226,365
1.07255,230,366
4.55422,232,367
4.01833,232,368
4.23652,226,369
1.17111,246,370
3.53985,252,371
3.45323,242,372
2.91468,242,373
4.61721,264,374
1.6473,262,375
2.70213,244,376
1.89354,238,377
4.30351,258,378
2.34885,236,379
4.49932,250,380
0.749397,236,381
0.421015,260,382
4.71526,262,383
4.28617,262,384
0.377445,248,385
4.23584,250,386
4.0311,272,387
1.40122,268,388
4.52315,250,389
3.14797,262,390
3.60083,264,391
3.75861,256,392
4.32623,262,393
0.203614,264,394
0.87348,264,395
3.04918,262,396
2.28242,258,397
2.97261,252,398
0.893882,272,399
0.711753,242,400
2.24244,272,401
1.62508,280,402
2.45386,254,403
0.0583727,266,404
3.08443,266,405
1.72192,272,406
1.042,270,407
1.37105,274,408
3.3628,266,409
2.17276,278,410
4.0831,270,411
2.5861,264,412
0.0079178,280,413
4.12849,278,414
2.94727,270,415
4.10955,266,416
0.925315,262,417
4.88312,258,418
1.80498,266,419
4.70247,288,420
3.86948,274,421
4.57437,268,422
2.76238,278,423
0.500422,278,424
3.59296,286,425
3.65599,278,426
3.07041,282,427
2.79046,294,428
0.35587,280,429
1.06895,294,430
4.77667,276,431
2.99391,266,432
4.00131,276,433
1.72032,284,434
4.50542,296,435
3.99682,288,436
3.05233,298,437
1.09895,304,438
3.56177,294,439
2.73547,290,440
2.67778,294,441
1.90928,284,442
0.925489,296,443
2.91018,298,444
4.66716,306,445
3.48524,300,446
2.25014,298,447
4.9111,300,448
3.51999,302,449
3.39793,306,450
2.22515,302,451
3.78768,302,452
4.93308,296,453
4.3744,304,454
0.659683,308,455
3.78544,312,456
2.45715,302,457
4.1059,302,458
1.0115,294,459
1.01141,290,460
3.42227,310,461
0.0649556,312,462
4.21502,312,463
2.27408,290,464
2.23654,300,465
1.55232,310,466
3.87058,318,467
4.49089,310,468
3.14132,326,469
3.15237,310,470
2.57813,324,471
3.59613,306,472
1.32453,310,473
2.61936,302,474
1.21884,300,475
3.65546,324,476
4.70274,308,477
3.52774,308,478
2.9129,328,479
1.48895,310,480
4.44772,308,481
1.4917,314,482
1.56955,306,483
3.40194,328,484
2.49619,314,485
1.76452,322,486
0.750068,330,487
2.92794,320,488
0.794971,316,489
1.60295,328,490
2.7752,326,491
0.462237,332,492
3.54062,318,493
0.28516,326,494
0.800598,324,495
2.69876,336,496
2.78272,334,497
2.31019,336,498
0.149935,322,499
2.23211,330,500
3.66609,326,501
3.9682,338,502
1.56436,334,503
2.7702,338,504
1.59976,348,505
1.71138,338,506
0.667341,338,507
1.94374,348,508
1.50285,324,509
4.93025,338,510
1.83192,326,511
3.82518,324,512
0.932677,342,513
2.48035,324,514
2.61498,342,515
0.458891,338,516
1.15373,342,517
1.03853,354,518
2.23653,340,519
2.36581,336,520
3.40122,346,521
1.21803,356,522
1.00196,340,523
2.43649,342,524
3.54271,336,525
0.739937,340,526
3.95293,334,527
4.48004,340,528
2.83131,366,529
2.82588,348,530
0.672837,364,531
2.15075,360,532
4.80895,342,533
1.16456,352,534
4.58523,362,535
2.2853,346,536
3.76216,350,537
0.0307043,348,538
3.77305,352,539
0.348079,348,540
3.37861,352,541
4.95155,370,542
0.269842,364,543
3.60064,348,544
0.0823887,376,545
2.61196,376,546
0.589718,358,547
2.67778,358,548
1.48968,380,549
2.59142,364,550
3.32858,366,551
0.631514,356,552
3.89475,376,553
4.08064,366,554
2.61412,358,555
2.18969,368,556
2.34439,372,557
1.17051,364,558
3.21101,354,559
0.979909,378,560
1.40294,374,561
3.39296,392,562
2.80857,374,563
2.3887,368,564
4.35734,380,565
2.59715,376,566
1.60118,360,567
3.11444,386,568
2.17567,390,569
0.130587,378,570
2.43396,386,571
2.70671,394,572
4.14171,358,573
4.84186,382,574
2.86072,378,575
1.74032,370,576
3.47292,378,577
2.455,398,578
3.32068,378,579
0.525277,378,580
1.03348,384,581
4.98335,396,582
0.0983605,382,583
3.52032,380,584
3.96456,390,585
3.94727,372,586
1.0581,390,587
3.05379,382,588
3.72289,380,589
4.31787,376,590
4.77263,390,591
1.51729,380,592
1.02601,384,593
1.02759,402,594
4.85655,374,595
4.02545,386,596
2.67363,390,597
4.77645,388,598
4.07832,392,599
3.70526,408,600
1.90671,384,601
0.00388727,410,602
4.40685,412,603
2.97712,384,604
4.08226,404,605
3.78675,394,606
1.41291,396,607
3.23658,406,608
0.42093,418,609
4.1218,414,610
4.61966,404,611
3.24694,388,612
4.36945,400,613
0.966631,390,614
0.52847,416,615
4.99189,400,616
0.315619,410,617
2.69003,408,618
0.337241,420,619
3.89798,428,620
1.00332,414,621
4.71349,400,622
3.50738,420,623
0.95329,406,624
0.963528,420,625
0.909509,400,626
1.59405,440,627
2.35683,428,628
2.47243,436,629
3.39845,422,630
1.09991,424,631
1.55482,416,632
1.23885,416,633
3.55079,412,634
0.0230961,432,635
3.44598,416,636
4.97027,420,637
2.75562,416,638
3.77281,422,639
1.4542,418,640
1.17931,426,641
2.7379,430,642
0.180234,428,643
0.477897,428,644
3.57453,406,645
3.4324,426,646
0.315013,440,647
3.08575,430,648
0.634353,448,649
2.98996,436,650
1.6402,420,651
2.34761,418,652
1.24739,420,653
3.5427,436,654
1.9318,424,655
1.42862,430,656
4.63601,438,657
2.21691,444,658
3.67498,422,659
3.37666,420,660
0.216356,430,661
0.154427,434,662
3.23658,428,663
2.76022,428,664
4.28931,434,665
2.88866,450,666
2.65119,436,667
2.99818,444,668
0.509008,462,669
0.0491774,448,670
0.216747,462,671
2.33918,440,672
2.1797,428,673
1.41529,436,674
1.37695,416,675
2.66906,454,676
1.73344,466,677
0.00779717,456,678
2.63522,460,679
4.91512,464,680
4.35857,452,681
0.500428,452,682
1.43805,468,683
4.48721,468,684
2.49733,434,685
0.409086,478,686
4.2919,452,687
0.360322,446,688
4.86096,448,689
3.2942,460,690
0.0667483,442,691
4.39424,470,692
3.75049,460,693
0.594148,462,694
1.17476,452,695
2.1687,466,696
3.45573,466,697
2.69696,484,698
1.32935,462,699
0.75721,450,700
0.241633,466,701
4.80877,450,702
4.03065,434,703
0.921096,488,704
3.34972,462,705
0.85133,452,706
1.87048,442,707
4.84379,476,708
4.23412,470,709
2.01412,476,710
2.57372,478,711
0.140932,462,712
1.39168,490,713
1.20009,464,714
0.973732,468,715
4.56814,474,716
0.438045,472,717
1.31245,494,718
0.631257,462,719
2.91977,498,720
3.27496,478,721
4.22311,492,722
0.601277,474,723
2.51916,496,724
4.61681,476,725
2.19423,500,726
1.57992,484,727
4.15838,486,728
0.333805,482,729
2.19407,490,730
4.05156,468,731
1.49111,462,732
4.70295,480,733
4.94351,494,734
1.85545,486,735
4.30461,502,736
3.14747,484,737
2.16025,506,738
4.05066,504,739
2.72091,480,740
4.003,488,741
1.97099,492,742
1.47579,500,743
1.82347,482,744
1.59297,494,745
2.87845,480,746
2.01447,492,747
3.30283,472,748
3.87371,492,749
0.31267,486,750
1.82801,490,751
2.27573,490,752
4.99569,496,753
4.11859,500,754
4.29581,484,755
2.57929,492,756
0.608962,508,757
4.47191,516,758
0.531149,504,759
0.514375,508,760
4.85738,490,761
0.0475854,512,762
0.252661,490,763
4.46276,496,764
2.32572,514,765
4.9416,510,766
4.19286,512,767
3.50229,496,768
1.07666,508,769
3.09301,498,770
3.71461,512,771
3.04462,514,772
0.881779,510,773
2.23162,510,774
0.716056,508,775
0.551502,514,776
4.3728,516,777
0.0723322,500,778
3.41615,516,779
4.70331,514,780
0.764195,526,781
0.985781,504,782
4.35262,538,783
2.93407,504,784
0.283819,530,785
0.226115,518,786
4.00252,532,787
1.83979,548,788
4.77329,500,789
1.90606,522,790
1.57703,542,791
4.19069,522,792
3.72263,508,793
0.242915,524,794
2.86547,528,795
0.421606,522,796
3.80655,542,797
4.23799,530,798
2.34532,528,799
3.80954,530,800
3.28262,540,801
3.2717,554,802
1.48862,516,803
3.82543,518,804
1.96566,532,805
0.24818,538,806
1.77259,542,807
2.1853,542,808
2.17018,532,809
2.77983,536,810
0.062391,544,811
4.58387,530,812
1.54352,528,813
0.647316,546,814
1.81939,538,815
2.9502,528,816
4.66643,552,817
0.0914858,524,818
0.0366093,538,819
2.88287,552,820
3.43466,532,821
1.54602,544,822
3.89764,538,823
0.299181,556,824
3.07558,542,825
3.83836,534,826
0.633064,562,827
0.147208,548,828
1.4132,542,829
0.580441,546,830
4.17106,548,831
2.39219,520,832
2.61395,568,833
2.69796,554,834
1.46673,534,835
0.49211,544,836
2.58293,566,837
1.44073,540,838
1.74801,560,839
2.53211,568,840
4.44016,554,841
0.263975,570,842
4.47996,552,843
4.96389,528,844
2.1292,552,845
2.90138,540,846
1.23235,554,847
4.89491,538,848
2.94234,560,849
3.37381,558,850
3.05329,552,851
1.69382,560,852
0.127388,536,853
3.40655,528,854
0.886841,552,855
0.195158,560,856
2.17736,554,857
4.27664,578,858
2.41558,578,859
0.587043,558,860
0.350832,546,861
3.2761,580,862
0.314615,582,863
4.74268,572,864
4.60865,576,865
1.52588,570,866
2.84489,550,867
0.111255,552,868
4.72177,584,869
2.98781,572,870
2.22222,552,871
2.86043,572,872
4.15415,586,873
1.11304,596,874
4.59679,574,875
1.69829,564,876
3.52734,574,877
0.0290852,584,878
3.02238,584,879
1.23592,588,880
1.52314,602,881
3.35039,572,882
2.13888,566,883
2.88908,586,884
1.12655,586,885
2.74004,584,886
3.4394,598,887
0.91158,614,888
0.330365,590,889
0.649622,588,890
4.10508,590,891
0.520082,574,892
3.78107,604,893
4.55104,590,894
2.08129,564,895
4.31241,596,896
1.29752,614,897
3.11998,588,898
0.37299,614,899
2.13955,590,900
0.799898,596,901
0.510844,602,902
3.27938,600,903
2.88209,606,904
1.7574,606,905
3.07666,570,906
1.45432,592,907
0.903667,586,908
2.33573,582,909
2.14262,600,910
4.8278,626,911
0.119214,606,912
3.59567,598,913
4.90111,608,914
4.86543,592,915
3.56154,592,916
4.37202,598,917
1.84423,620,918
3.19618,618,919
2.06598,610,920
1.98821,634,921
2.50081,626,922
1.0699,608,923
2.89474,626,924
0.969015,606,925
3.3167,620,926
3.19456,622,927
0.277222,630,928
0.71825,626,929
0.131202,618,930
4.0491,620,931
0.36049,612,932
3.96267,626,933
1.2141,618,934
4.59058,640,935
2.49722,618,936
3.91033,616,937
1.22046,634,938
4.91145,630,939
0.182327,620,940
4.68186,604,941
3.49583,630,942
3.76133,632,943
4.50203,620,944
4.42328,620,945
1.80099,628,946
2.99254,632,947
1.91867,628,948
0.793424,646,949
3.51515,610,950
0.74512,642,951
0.170185,630,952
3.14348,622,953
0.0311856,618,954
3.91356,638,955
1.0632,628,956
3.60323,630,957
0.66231,640,958
0.000832522,640,959
2.92795,614,960
3.97239,644,961
3.61163,626,962
0.492043,646,963
1.69234,642,964
0.774346,640,965
2.42044,644,966
1.63478,616,967
3.71485,658,968
0.898322,640,969
3.1156,630,970
4.53564,642,971
1.16573,630,972
4.65568,630,973
3.7891,628,974
4.53512,638,975
2.78217,624,976
1.67327,630,977
2.14108,626,978
3.74859,646,979
3.66057,648,980
0.1881,662,981
4.8145,668,982
3.24288,650,983
3.90467,638,984
1.80144,646,985
2.73087,624,986
4.20795,640,987
4.44065,644,988
3.77387,662,989
0.280011,666,990
4.11584,674,991
0.0855526,670,992
3.42241,676,993
4.43185,636,994
0.390143,646,995
2.84212,638,996
0.636867,660,997
4.68352,646,998
2.90383,690,999
4.48827,670,1000
2.68582,642,1000
2.64634,2,1
3.24395,2,2
2.48365,2,3
4.34736,2,4
0.0638911,2,5
4.72807,6,6
1.4881,2,7
4.19308,2,8
2.05242,4,9
2.59375,8,10
1.08367,8,11
4.50357,6,12
0.654657,10,13
0.0401175,10,14
1.85605,8,15
3.78339,10,16
2.02509,12,17
2.85914,10,18
1.1425,10,19
0.314486,10,20
2.29607,14,21
4.35772,12,22
3.61989,16,23
0.317404,16,24
4.4219,16,25
4.15866,18,26
4.43204,20,27
4.94669,16,28
4.17775,20,29
3.47174,24,30
4.42405,20,31
4.50832,20,32
0.151772,18,33
1.00793,20,34
2.34775,20,35
1.09891,22,36
0.441206,26,37
0.431072,28,38
0.611668,20,39
4.28386,28,40
0.0649895,26,41
4.30082,26,42
3.79367,24,43
0.542928,32,44
0.437249,30,45
1.22785,30,46
4.66067,28,47
1.93006,30,48
1.02371,32,49
3.38249,30,50
4.22958,34,51
0.869525,30,52
4.63251,36,53
2.02161,38,54
3.83919,38,55
1.8641,38,56
1.67028,30,57
0.321643,34,58
1.29297,40,59
0.312768,36,60
3.93476,38,61
2.08848,40,62
1.83429,38,63
4.21327,38,64
0.127558,46,65
0.404049,50,66
3.5912,46,67
0.390386,44,68
4.66749,42,69
3.29673,48,70
4.408,50,71
1.99821,46,72
4.72814,46,73
0.4729,48,74
4.63539,50,75
2.66455,48,76
4.30346,48,77
2.15883,50,78
1.87714,56,79
3.5971,56,80
2.5051,56,81
4.24922,48,82
4.90494,52,83
2.88392,48,84
4.53597,54,85
3.27673,62,86
3.08051,54,87
1.6209,54,88
2.81084,52,89
3.87687,52,90
2.2166,58,91
1.76185,56,92
2.37731,68,93
4.74752,62,94
3.68303,52,95
0.477155,62,96
3.59886,66,97
4.24335,58,98
1.63665,64,99
1.50296,68,100
4.41452,68,101
0.99127,62,102
3.15468,64,103
4.67759,74,104
4.66703,78,105
2.00442,64,106
0.626337,68,107
0.245715,68,108
2.82949,68,109
1.64333,62,110
3.20539,78,111
2.28417,70,112
0.32137,80,113
0.820228,80,114
4.01489,72,115
0.234856,74,116
4.63269,76,117
1.66006,78,118
1.9528,90,119
1.88128,82,120
1.24116,76,121
4.86527,82,122
0.759881,82,123
0.905603,88,124
2.22473,86,125
3.95017,74,126
4.74043,82,127
3.7179,74,128
0.189389,82,129
0.0351735,82,130
3.66747,80,131
3.42345,92,132
4.05138,78,133
0.0694826,92,134
2.16551,86,135
0.686476,88,136
3.11809,94,137
4.75198,84,138
3.62505,90,139
2.65843,92,140
4.06222,92,141
3.45845,96,142
2.39905,96,143
0.304647,98,144
0.99184,92,145
2.18748,104,146
0.235631,96,147
4.6202,98,148
3.12,98,149
3.02341,90,150
4.22089,90,151
4.44864,98,152
4.97417,106,153
1.50174,96,154
3.41884,106,155
0.306031,96,156
3.8034,108,157
1.89059,114,158
3.95981,108,159
3.297,106,160
2.31295,106,161
4.01175,106,162
0.320564,108,163
0.87224,104,164
1.04859,108,165
1.25837,106,166
4.10094,100,167
3.43589,112,168
2.89444,108,169
1.09652,104,170
1.11749,118,171
0.054757,116,172
3.5454,118,173
3.05459,104,174
2.74232,124,175
4.7188,124,176
2.55191,118,177
0.127063,122,178
0.928373,116,179
3.03239,120,180
1.64756,118,181
0.165831,116,182
3.03128,130,183
2.97391,118,184
3.24575,116,185
3.50841,122,186
3.01206,118,187
4.34554,130,188
3.38861,130,189
4.64828,124,190
3.08253,110,191
1.00859,118,192
4.17257,130,193
0.719988,134,194
2.50646,130,195
4.77289,128,196
4.11143,136,197
2.27138,142,198
2.76605,134,199
3.96567,134,200
1.45243,130,201
0.558986,132,202
0.653663,142,203
0.711384,124,204
4.64929,132,205
4.49674,128,206
0.859968,128,207
1.75198,124,208
2.66859,146,209
1.5431,144,210
1.82699,144,211
3.68058,132,212
1.48131,128,213
0.877475,134,214
4.05644,150,215
3.86029,148,216
1.55406,144,217
2.73501,132,218
3.66902,156,219
0.171771,150,220
1.39932,138,221
0.376651,142,222
3.42664,156,223
3.17445,150,224
1.61846,146,225
1.33199,158,226
3.47416,142,227
3.93441,154,228
2.08545,156,229
2.46517,142,230
1.99261,154,231
3.97353,156,232
4.10614,150,233
1.08569,152,234
2.00948,158,235
1.11024,152,236
1.91649,156,237
1.33575,164,238
3.65162,172,239
4.32311,160,240
1.34702,158,241
4.25525,154,242
2.82029,148,243
1.345,162,244
1.14628,152,245
1.22968,166,246
0.829566,166,247
2.46607,158,248
0.192709,156,249
0.0780387,158,250
2.4085,170,251
1.6678,164,252
4.62078,162,253
4.23221,176,254
2.15121,166,255
4.80673,170,256
3.37222,172,257
4.00871,172,258
3.38388,160,259
3.36622,168,260
4.73403,170,261
1.00116,176,262
1.69896,166,263
2.23378,176,264
4.22368,178,265
4.25443,172,266
3.85495,170,267
1.44327,172,268
4.21293,170,269
2.08467,184,270
0.786444,178,271
0.636951,182,272
0.0851556,170,273
0.987875,182,274
1.63904,180,275
4.10766,172,276
2.43922,168,277
2.56208,172,278
3.91452,184,279
3.99156,180,280
1.09486,184,281
4.07422,182,282
4.30058,192,283
4.05933,204,284
1.69583,194,285
0.94256,188,286
4.87118,198,287
0.953642,202,288
1.44684,192,289
2.6357,186,290
0.705917,192,291
3.75477,198,292
2.21988,200,293
2.27002,200,294
4.6782,184,295
2.20851,180,296
1.96571,194,297
4.90347,202,298
3.70505,194,299
0.0187679,192,300
2.71947,198,301
1.47463,196,302
1.39962,194,303
0.555329,206,304
2.27011,198,305
0.954468,208,306
2.19057,194,307
3.03899,206,308
2.03135,202,309
3.34027,202,310
4.43141,208,311
4.44865,204,312
4.70988,202,313
2.29805,208,314
0.0582927,208,315
1.15487,216,316
4.62427,218,317
3.4618,216,318
2.99037,226,319
4.21175,222,320
2.57606,224,321
2.14657,220,322
4.60786,212,323
4.64974,218,324
1.3672,216,325
3.67711,216,326
0.0913964,204,327
0.338507,214,328
2.63483,226,329
0.470954,196,330
3.66521,218,331
1.82194,234,332
3.30147,204,333
2.67189,214,334
3.21232,224,335
1.97508,232,336
3.20159,220,337
4.43352,230,338
0.124677,230,339
0.0355257,220,340
1.46611,216,341
0.883186,230,342
2.71935,232,343
2.22433,216,344
1.07983,238,345
0.00831996,234,346
1.05216,224,347
2.68215,244,348
3.29781,232,349
0.374425,234,350
2.81745,232,351
0.423417,238,352
4.73198,232,353
2.89574,238,354
0.856466,246,355
3.98168,234,356
1.85224,244,357
4.06453,244,358
1.54484,228,359
2.54576,238,360
0.726491,234,361
0.0185082,252,362
4.57036,234,363
2.08126,256,364
2.65872,260,365
0.0872041,248,366
2.88685,252,367
1.1169,248,368
0.288251,248,369
3.1515,248,370
2.18905,252,371
1.09165,244,372
0.378271,238,373
0.261252,254,374
1.1127,232,375
3.44343,256,376
4.83606,262,377
1.01627,248,378
2.32382,262,379
2.51762,238,380
2.29388,242,381
4.83621,244,382
3.07741,254,383
4.32662,254,384
2.51608,252,385
2.69084,272,386
1.48519,258,387
4.92943,264,388
3.03143,246,389
4.09256,254,390
1.59377,256,391
3.2056,264,392
2.6143,250,393
2.52631,258,394
0.00496272,244,395
0.0685317,266,396
1.39685,248,397
1.79592,250,398
0.421014,274,399
4.66727,260,400
3.17925,264,401
0.0670064,250,402
1.91051,268,403
2.01923,248,404
2.61809,276,405
0.647864,260,406
1.75231,274,407
4.08687,264,408
3.44977,252,409
0.93583,252,410
0.443059,266,411
4.9003,276,412
0.148342,276,413
2.92949,266,414
2.24672,278,415
4.54704,270,416
2.16177,266,417
0.912562,280,418
3.18668,284,419
1.22268,282,420
4.55029,272,421
0.224892,274,422
3.38316,280,423
3.69421,276,424
3.69616,286,425
1.34457,268,426
3.13138,282,427
1.53173,286,428
1.79924,296,429
3.39802,312,430
2.27619,294,431
3.14452,310,432
1.54406,288,433
4.05384,274,434
4.07166,294,435
0.305972,292,436
1.18295,294,437
3.73299,288,438
0.305002,298,439
4.6901,298,440
3.67737,292,441
0.689748,290,442
2.12416,280,443
2.20647,282,444
4.7487,300,445
2.80203,288,446
0.13099,296,447
4.30648,294,448
2.18112,306,449
1.70385,300,450
4.35625,284,451
2.46062,296,452
2.15663,294,453
2.04707,298,454
1.24687,308,455
3.06038,310,456
1.25279,324,457
1.98442,306,458
0.0880043,284,459
2.31441,286,460
0.98233,308,461
3.3007,302,462
1.38797,308,463
1.66956,300,464
3.09785,306,465
3.50587,320,466
4.96662,310,467
4.29446,300,468
4.46676,316,469
2.21759,308,470
1.52637,318,471
4.89248,326,472
2.21491,308,473
1.57608,304,474
0.683368,310,475
4.59941,320,476
1.1176,320,477
1.35947,314,478
0.0564663,302,479
3.12908,324,480
2.51913,316,481
4.21615,320,482
3.60278,300,483
4.84455,328,484
2.67432,320,485
1.13821,316,486
2.05828,302,487
2.61161,320,488
4.41722,326,489
0.0420303,326,490
4.73953,328,491
1.57252,320,492
4.31731,334,493
2.62453,322,494
0.794876,326,495
1.74804,318,496
0.565868,340,497
1.39407,328,498
0.763946,340,499
0.147308,320,500
3.11622,326,501
2.85937,334,502
2.08079,328,503
4.57962,354,504
2.55637,330,505
1.64145,324,506
3.38882,332,507
1.71904,334,508
0.511661,358,509
0.0937648,328,510
2.43736,336,511
0.440972,338,512
4.77891,356,513
4.40201,344,514
4.18364,344,515
0.966526,332,516
0.325981,344,517
4.24083,328,518
3.76684,336,519
2.09893,342,520
3.53503,328,521
2.56048,336,522
1.30766,322,523
2.29183,336,524
2.07356,338,525
3.45377,352,526
4.23433,346,527
2.55787,360,528
1.72721,326,529
0.239962,348,530
1.41059,340,531
4.00789,364,532
4.11488,346,533
3.04271,358,534
2.29466,354,535
4.21255,340,536
2.46129,358,537
3.27947,368,538
2.37399,340,539
2.5434,348,540
1.58868,360,541
3.38513,362,542
0.608525,366,543
0.0253025,370,544
4.86636,364,545
1.41924,358,546
3.4682,352,547
3.42375,352,548
2.63225,362,549
3.3703,386,550
0.376494,370,551
1.67653,364,552
4.57659,366,553
0.63529,370,554
0.66253,366,555
2.46448,374,556
1.91924,376,557
2.34318,352,558
3.19128,344,559
4.14991,388,560
1.106,366,561
2.42973,348,562
1.93869,368,563
2.21653,370,564
1.90934,366,565
2.00692,366,566
4.87939,382,567
0.747514,386,568
0.00829262,380,569
3.10202,376,570
3.84374,398,571
3.97667,394,572
4.87868,400,573
0.33409,364,574
3.38856,402,575
3.03729,390,576
3.3542,386,577
4.56108,384,578
0.233932,394,579
1.77241,386,580
3.67589,394,581
4.15566,404,582
2.07576,376,583
2.00265,394,584
0.407875,410,585
3.38664,390,586
1.88339,396,587
1.36045,390,588
0.575985,404,589
1.13755,388,590
3.53789,388,591
4.16037,396,592
4.26898,404,593
4.49594,404,594
2.00432,392,595
3.00995,388,596
1.64228,376,597
3.92013,398,598
1.79502,404,599
2.55732,394,600
4.22394,374,601
3.64304,394,602
2.4546,398,603
2.14495,392,604
0.0803055,392,605
3.34766,398,606
4.15624,396,607
2.58819,394,608
1.20496,410,609
1.77428,410,610
1.61803,408,611
1.67014,418,612
0.357184,434,613
3.59391,420,614
0.808032,396,615
4.8828,400,616
0.737804,402,617
4.50814,420,618
0.178757,412,619
0.226228,390,620
2.12575,426,621
0.62403,438,622
3.80155,386,623
3.88648,410,624
0.493025,408,625
2.73258,388,626
3.71653,408,627
0.900581,404,628
4.84151,416,629
2.8192,420,630
3.67657,420,631
1.52655,424,632
2.96329,432,633
1.1826,420,634
4.13818,422,635
4.77255,426,636
4.44016,408,637
2.30458,400,638
1.17968,418,639
3.11462,428,640
1.03593,418,641
0.367614,418,642
3.09157,424,643
0.61255,430,644
2.65856,446,645
3.15415,430,646
1.35028,408,647
4.53346,424,648
2.42013,426,649
4.52242,424,650
1.40798,432,651
3.89592,428,652
4.92313,444,653
3.6503,426,654
3.13072,460,655
3.21932,434,656
1.58514,418,657
1.07765,432,658
2.38056,410,659
4.53347,438,660
0.995814,424,661
3.10568,426,662
3.2021,436,663
2.56834,446,664
1.52468,430,665
3.65408,432,666
4.37605,442,667
4.73678,420,668
4.89653,434,669
2.14625,440,670
3.92264,442,671
4.96422,454,672
3.76931,440,673
3.48873,454,674
0.805008,456,675
0.011574,450,676
1.44171,446,677
1.20365,458,678
2.36128,450,679
2.67365,464,680
3.66677,450,681
0.387916,470,682
1.49079,442,683
4.01867,450,684
0.64423,470,685
4.22432,440,686
0.959475,460,687
0.442104,458,688
0.41972,462,689
0.248973,462,690
0.934687,480,691
0.922921,478,692
1.6959,454,693
1.95058,454,694
3.71642,444,695
3.85981,448,696
2.61565,456,697
3.15435,440,698
1.52467,458,699
2.80017,482,700
3.24997,458,701
1.13754,464,702
1.89897,470,703
0.742087,454,704
2.33129,476,705
1.31088,466,706
0.944936,474,707
1.81187,452,708
2.51981,454,709
2.96593,460,710
1.76992,470,711
0.784636,486,712
0.250886,464,713
2.25409,468,714
3.84805,460,715
1.76913,456,716
4.11052,464,717
4.09508,460,718
0.537644,466,719
4.65738,498,720
1.08655,464,721
2.04499,456,722
4.5069,482,723
1.74533,474,724
1.27421,494,725
2.05127,490,726
1.78896,488,727
1.14798,510,728
0.580334,478,729
3.92905,460,730
3.70273,496,731
3.22163,498,732
0.742937,508,733
0.604807,504,734
2.25662,484,735
3.58772,502,736
2.69397,474,737
1.55435,490,738
0.473024,490,739
3.71241,496,740
1.88976,496,741
0.180395,496,742
3.65,496,743
1.57373,486,744
3.99464,486,745
1.49823,516,746
4.36493,514,747
3.66592,498,748
4.15898,496,749
1.98999,504,750
0.792504,502,751
0.793325,474,752
3.2376,494,753
1.11057,516,754
3.67114,490,755
0.547097,498,756
4.60956,492,757
2.21067,498,758
1.96093,494,759
0.348344,502,760
3.06488,482,761
3.06166,514,762
0.180034,506,763
1.68266,512,764
0.299557,506,765
1.91423,534,766
2.64329,520,767
4.76546,510,768
0.00990742,520,769
2.18001,522,770
2.17625,512,771
3.2252,504,772
0.636373,520,773
3.18584,520,774
2.24027,502,775
2.96666,512,776
3.08455,514,777
2.86239,510,778
2.05138,486,779
4.76797,502,780
3.46927,542,781
1.06738,514,782
2.97339,520,783
3.26983,488,784
0.916566,494,785
4.55572,518,786
3.81785,522,787
2.78799,530,788
2.24977,518,789
3.86782,542,790
2.6489,536,791
0.622225,504,792
4.88199,532,793
2.83352,508,794
0.950105,536,795
4.52278,542,796
0.473904,522,797
3.47254,524,798
2.20575,516,799
1.36315,542,800
4.36879,544,801
2.56363,510,802
0.571254,528,803
4.90276,530,804
2.09535,522,805
0.831429,532,806
3.21244,542,807
0.118766,530,808
1.61032,534,809
2.80766,552,810
2.53115,528,811
3.20311,528,812
3.18825,546,813
0.931686,570,814
0.465702,540,815
3.2877,570,816
4.36857,540,817
4.45068,548,818
0.27949,520,819
3.57389,568,820
0.853302,548,821
2.86662,540,822
2.81455,538,823
2.11713,528,824
1.75037,534,825
0.522523,540,826
2.46773,566,827
3.83114,568,828
2.12674,542,829
4.04717,562,830
4.54704,544,831
4.61068,544,832
3.05267,566,833
2.35251,554,834
3.75038,544,835
1.34666,542,836
2.27527,538,837
3.75459,560,838
0.974671,540,839
4.81369,564,840
3.20753,554,841
3.13137,560,842
1.17851,548,843
2.84453,552,844
1.49602,548,845
0.852202,556,846
0.19339,564,847
3.10626,550,848
0.819619,576,849
1.12733,584,850
0.462887,566,851
0.534198,592,852
4.17171,560,853
1.02588,572,854
4.66369,568,855
0.654035,566,856
0.875746,568,857
3.85118,574,858
4.93551,586,859
2.51584,556,860
1.76554,564,861
3.97963,572,862
3.40694,576,863
0.991853,576,864
3.6131,568,865
0.934442,582,866
0.737535,580,867
0.0153958,568,868
1.34525,562,869
1.39088,570,870
4.81486,578,871
4.19895,568,872
2.39723,584,873
1.56842,582,874
1.06374,578,875
2.42528,600,876
1.51797,570,877
1.0285,588,878
3.03495,574,879
2.21243,584,880
4.36746,578,881
3.5811,586,882
0.338676,576,883
3.10552,604,884
4.81675,590,885
1.50331,592,886
4.70481,582,887
4.60762,582,888
3.39401,600,889
0.732096,580,890
4.09001,584,891
1.10285,618,892
3.3775,592,893
4.66146,604,894
4.47091,608,895
1.68542,568,896
3.09669,586,897
1.61598,582,898
3.33251,594,899
2.45886,590,900
0.585134,586,901
2.54009,584,902
0.640964,584,903
2.05048,606,904
0.561218,600,905
4.99341,608,906
3.85375,600,907
2.25654,600,908
2.53276,596,909
2.03134,580,910
2.62327,612,911
2.49573,616,912
4.05368,600,913
3.94737,596,914
2.38852,620,915
2.1713,622,916
0.172462,624,917
4.49477,608,918
0.470826,606,919
4.34117,604,920
2.95703,592,921
0.94537,582,922
4.08404,598,923
4.23351,622,924
1.4987,612,925
3.86473,616,926
4.44109,586,927
0.782974,606,928
3.60909,636,929
3.92866,638,930
1.35125,606,931
4.1047,600,932
1.37992,598,933
4.48398,606,934
3.67378,602,935
2.9008,620,936
1.02126,602,937
0.324274,594,938
4.64747,602,939
1.78429,624,940
1.62758,638,941
1.36149,622,942
3.83055,622,943
2.37653,588,944
2.41981,646,945
1.29195,640,946
0.696995,642,947
0.431148,634,948
2.10398,642,949
0.746948,630,950
3.36343,628,951
1.50011,596,952
0.23974,636,953
1.24858,624,954
1.93643,642,955
4.97967,634,956
2.12749,648,957
3.58514,644,958
4.65557,618,959
2.50327,648,960
0.230663,626,961
2.00498,638,962
0.643392,652,963
4.96467,624,964
2.01485,638,965
4.01206,638,966
3.4722,634,967
4.44078,640,968
0.838317,648,969
4.23059,648,970
3.559,672,971
4.3797,656,972
1.15394,636,973
3.01075,628,974
4.19192,628,975
1.60841,632,976
2.29015,628,977
0.924934,636,978
2.54393,656,979
3.79107,644,980
1.62474,646,981
3.15767,648,982
4.20124,660,983
3.52886,634,984
4.46204,644,985
1.35577,648,986
4.94176,664,987
2.23313,630,988
1.4369,680,989
4.62422,662,990
0.941429,672,991
2.55945,648,992
1.34511,658,993
1.77424,660,994
0.687833,658,995
0.605315,662,996
4.40655,646,997
2.88459,680,998
3.43192,670,999
4.74159,640,1000
